"country_code","country_name","currency_name","currency_code"
"AD","Andorra","French Franc","FRF"
"AE","United Arab Emirates","UAE Dirham","AED"
"AF","Afghanistan","Afghani","AFA"
"AG","Antigua and Barbuda","East Caribbean Dollar","XCD"
"AI","Anguilla","East Caribbean Dollar","XCD"
"AL","Albania","Old Lek","ALK"
"AM","Armenia","Russian Ruble","RUR"
"AO","Angola","Kwanza Reajustado","AOR"
"AQ","Antarctica","No universal currency",
"AR","Argentina","Peso","ARY"
"AS","American Samoa","US Dollar","USD"
"AT","Austria","Schilling","ATS"
"AU","Australia","Australian Dollar","AUD"
"AW","Aruba","Aruban Florin","AWG"
"AX","Åland Islands","Markka","FIM"
"AZ","Azerbaijan","Russian Ruble","RUR"
"BA","Bosnia and Herzegovina","Dinar","BAD"
"BB","Barbados","Barbados Dollar","BBD"
"BD","Bangladesh","Taka","BDT"
"BE","Belgium","Financial Franc","BEL"
"BF","Burkina Faso","CFA Franc BCEAO","XOF"
"BG","Bulgaria","Lev","BGL"
"BH","Bahrain","Bahraini Dinar","BHD"
"BI","Burundi","Burundi Franc","BIF"
"BJ","Benin","CFA Franc BCEAO","XOF"
"BL","Saint Barthelemy","Euro","EUR"
"BM","Bermuda","Bermudian Dollar","BMD"
"BN","Brunei Darussalam","Brunei Dollar","BND"
"BO","Bolivia, Plurinational State of","Mvdol","MOV"
"BQ","Bonaire, Sint Eustatius and Saba","US Dollar","USD"
"BR","Brazil","Cruzeiro Real","BRR"
"BS","Bahamas","Bahamian Dollar","BSD"
"BT","Bhutan","Ngultrum","BTN"
"BV","Bouvet Island","Norwegian Krone","NOK"
"BW","Botswana","Pula","BWP"
"BY","Belarus","Russian Ruble","RUR"
"BZ","Belize","Belize Dollar","BZD"
"CA","Canada","Canadian Dollar","CAD"
"CC","Cocos (Keeling) Islands","Australian Dollar","AUD"
"CF","Central African Republic","CFA Franc BEAC","XAF"
"CG","Congo","Congolese Franc","CDF"
"CH","Switzerland","WIR Franc (for electronic)","CHC"
"CI","Côte d'Ivoire","CFA Franc BCEAO","XOF"
"CK","Cook Islands","New Zealand Dollar","NZD"
"CL","Chile","Unidad de Fomento","CLF"
"CM","Cameroon","CFA Franc BEAC","XAF"
"CN","China","Peoples Bank Dollar","CNX"
"CO","Colombia","Unidad de Valor Real","COU"
"CR","Costa Rica","Costa Rican Colon","CRC"
"CU","Cuba","Peso Convertible","CUC"
"CW","Curaçao","Netherlands Antillean Guilder","ANG"
"CX","Christmas Island","Australian Dollar","AUD"
"CY","Cyprus","Cyprus Pound","CYP"
"CZ","Czech Republic","Czech Koruna","CZK"
"DE","Germany","Deutsche Mark","DEM"
"DJ","Djibouti","Djibouti Franc","DJF"
"DK","Denmark","Danish Krone","DKK"
"DM","Dominica","East Caribbean Dollar","XCD"
"DO","Dominican Republic","Dominican Peso","DOP"
"DZ","Algeria","Algerian Dinar","DZD"
"EC","Ecuador","Unidad de Valor Constante (UVC)","ECV"
"EE","Estonia","Kroon","EEK"
"EG","Egypt","Egyptian Pound","EGP"
"EH","Western Sahara","Moroccan Dirham","MAD"
"ER","Eritrea","Nakfa","ERN"
"ES","Spain","Spanish Peseta","ESP"
"ET","Ethiopia","Ethiopian Birr","ETB"
"FI","Finland","Markka","FIM"
"FJ","Fiji","Fiji Dollar","FJD"
"FK","Falkland Islands (Malvinas)","Falkland Islands Pound","FKP"
"FM","Micronesia, Federated States of","US Dollar","USD"
"FO","Faroe Islands","Danish Krone","DKK"
"FR","France","French Franc","FRF"
"GA","Gabon","CFA Franc BEAC","XAF"
"GB","United Kingdom","Pound Sterling","GBP"
"GD","Grenada","East Caribbean Dollar","XCD"
"GE","Georgia","Russian Ruble","RUR"
"GF","French Guiana","Euro","EUR"
"GG","Guernsey","Pound Sterling","GBP"
"GH","Ghana","Ghana Cedi","GHP"
"GI","Gibraltar","Gibraltar Pound","GIP"
"GL","Greenland","Danish Krone","DKK"
"GM","Gambia","Dalasi","GMD"
"GN","Guinea","Syli","GNS"
"GP","Guadeloupe","French Franc","FRF"
"GQ","Equatorial Guinea","Ekwele","GQE"
"GR","Greece","Drachma","GRD"
"GS","South Georgia and the South Sandwich Islands","No universal currency",
"GT","Guatemala","Quetzal","GTQ"
"GU","Guam","US Dollar","USD"
"GW","Guinea-Bissau","Guinea-Bissau Peso","GWP"
"GY","Guyana","Guyana Dollar","GYD"
"HK","Hong Kong","Hong Kong Dollar","HKD"
"HM","Heard Island and McDonald Islands","Australian Dollar","AUD"
"HN","Honduras","Lempira","HNL"
"HR","Croatia","Croatian Kuna","HRK"
"HT","Haiti","US Dollar","USD"
"HU","Hungary","Forint","HUF"
"ID","Indonesia","Rupiah","IDR"
"IE","Ireland","Irish Pound","IEP"
"IL","Israel","Old Shekel","ILR"
"IM","Isle of Man","Pound Sterling","GBP"
"IN","India","Indian Rupee","INR"
"IO","British Indian Ocean Territory","US Dollar","USD"
"IQ","Iraq","Iraqi Dinar","IQD"
"IR","Iran, Islamic Republic of","Iranian Rial","IRR"
"IS","Iceland","Old Krona","ISJ"
"IT","Italy","Italian Lira","ITL"
"JE","Jersey","Pound Sterling","GBP"
"JM","Jamaica","Jamaican Dollar","JMD"
"JO","Jordan","Jordanian Dinar","JOD"
"JP","Japan","Yen","JPY"
"KE","Kenya","Kenyan Shilling","KES"
"KG","Kyrgyzstan","Russian Ruble","RUR"
"KH","Cambodia","Riel","KHR"
"KI","Kiribati","Australian Dollar","AUD"
"KM","Comoros","Comoro Franc","KMF"
"KN","Saint Kitts and Nevis","East Caribbean Dollar","XCD"
"KP","Korea, Democratic People's Republic of","North Korean Won","KPW"
"KR","Korea, Republic of","Won","KRW"
"KW","Kuwait","Kuwaiti Dinar","KWD"
"KY","Cayman Islands","Cayman Islands Dollar","KYD"
"KZ","Kazakhstan","Russian Ruble","RUR"
"LA","Lao People's Democratic Republic","Kip","LAK"
"LB","Lebanon","Lebanese Pound","LBP"
"LC","Saint Lucia","East Caribbean Dollar","XCD"
"LI","Liechtenstein","Swiss Franc","CHF"
"LK","Sri Lanka","Sri Lanka Rupee","LKR"
"LR","Liberia","Liberian Dollar","LRD"
"LS","Lesotho","Financial Rand","ZAL"
"LT","Lithuania","Talonas","LTT"
"LU","Luxembourg","Luxembourg Financial Franc","LUL"
"LV","Latvia","Latvian Ruble","LVR"
"LY","Libya","Libyan Dinar","LYD"
"MA","Morocco","Moroccan Dirham","MAD"
"MC","Monaco","French Franc","FRF"
"MD","Moldova, Republic of","Russian Ruble","RUR"
"ME","Montenegro","Euro","EUR"
"MF","Saint Martin (French part)","Euro","EUR"
"MG","Madagascar","Malagasy Franc","MGF"
"MH","Marshall Islands","US Dollar","USD"
"MK","Macedonia, the Former Yugoslav Republic of","Denar","MKD"
"ML","Mali","Mali Franc","MLF"
"MM","Myanmar","Kyat","MMK"
"MN","Mongolia","Tugrik","MNT"
"MO","Macao","Pataca","MOP"
"MP","Northern Mariana Islands","US Dollar","USD"
"MQ","Martinique","French Franc","FRF"
"MR","Mauritania","Ouguiya","MRO"
"MS","Montserrat","East Caribbean Dollar","XCD"
"MT","Malta","Maltese Pound","MTP"
"MU","Mauritius","Mauritius Rupee","MUR"
"MV","Maldives","Maldive Rupee","MVQ"
"MW","Malawi","Kwacha","MWK"
"MX","Mexico","Mexican Peso","MXP"
"MY","Malaysia","Malaysian Ringgit","MYR"
"MZ","Mozambique","Mozambique Metical","MZM"
"NA","Namibia","Rand","ZAR"
"NC","New Caledonia","CFP Franc","XPF"
"NE","Niger","CFA Franc BCEAO","XOF"
"NF","Norfolk Island","Australian Dollar","AUD"
"NG","Nigeria","Naira","NGN"
"NI","Nicaragua","Cordoba","NIC"
"NL","Netherlands","Netherlands Guilder","NLG"
"NO","Norway","Norwegian Krone","NOK"
"NP","Nepal","Nepalese Rupee","NPR"
"NR","Nauru","Australian Dollar","AUD"
"NU","Niue","New Zealand Dollar","NZD"
"NZ","New Zealand","New Zealand Dollar","NZD"
"OM","Oman","Rial Omani","OMR"
"PA","Panama","US Dollar","USD"
"PE","Peru","Sol","PES"
"PF","French Polynesia","CFP Franc","XPF"
"PG","Papua New Guinea","Kina","PGK"
"PH","Philippines","Philippine Peso","PHP"
"PK","Pakistan","Pakistan Rupee","PKR"
"PL","Poland","Zloty","PLZ"
"PM","Saint Pierre and Miquelon","French Franc","FRF"
"PN","Pitcairn","New Zealand Dollar","NZD"
"PR","Puerto Rico","US Dollar","USD"
"PS","Palestine, State of","No universal currency",
"PT","Portugal","Portuguese Escudo","PTE"
"PW","Palau","US Dollar","USD"
"PY","Paraguay","Guarani","PYG"
"QA","Qatar","Qatari Rial","QAR"
"RE","Réunion","Euro","EUR"
"RO","Romania","Old Leu","ROL"
"RS","Serbia","Serbian Dinar","RSD"
"RU","Russian Federation","Russian Ruble","RUR"
"RW","Rwanda","Rwanda Franc","RWF"
"SA","Saudi Arabia","Saudi Riyal","SAR"
"SB","Solomon Islands","Solomon Islands Dollar","SBD"
"SC","Seychelles","Seychelles Rupee","SCR"
"SD","Sudan","Sudanese Pound","SDP"
"SE","Sweden","Swedish Krona","SEK"
"SG","Singapore","Singapore Dollar","SGD"
"SH","Saint Helena, Ascension and Tristan da Cunha","Saint Helena Pound","SHP"
"SI","Slovenia","Tolar","SIT"
"SJ","Svalbard and Jan Mayen","Norwegian Krone","NOK"
"SK","Slovakia","Slovak Koruna","SKK"
"SL","Sierra Leone","Leone","SLL"
"SM","San Marino","Italian Lira","ITL"
"SN","Senegal","CFA Franc BCEAO","XOF"
"SO","Somalia","Somali Shilling","SOS"
"SR","Suriname","Surinam Guilder","SRG"
"SS","South Sudan","Sudanese Pound","SDG"
"ST","Sao Tome and Principe","Dobra","STD"
"SV","El Salvador","US Dollar","USD"
"SX","Sint Maarten (Dutch part)","Netherlands Antillean Guilder","ANG"
"SY","Syrian Arab Republic","Syrian Pound","SYP"
"SZ","Swaziland","Lilangeni","SZL"
"TC","Turks and Caicos Islands","US Dollar","USD"
"TD","Chad","CFA Franc BEAC","XAF"
"TF","French Southern Territories","French Franc","FRF"
"TG","Togo","CFA Franc BCEAO","XOF"
"TH","Thailand","Baht","THB"
"TJ","Tajikistan","Tajik Ruble","TJR"
"TK","Tokelau","New Zealand Dollar","NZD"
"TL","Timor-Leste","Timor Escudo","TPE"
"TM","Turkmenistan","Turkmenistan Manat","TMM"
"TN","Tunisia","Tunisian Dinar","TND"
"TO","Tonga","Pa’anga","TOP"
"TR","Turkey","New Turkish Lira","TRY"
"TT","Trinidad and Tobago","Trinidad and Tobago Dollar","TTD"
"TV","Tuvalu","Australian Dollar","AUD"
"TW","Taiwan, Province of China","New Taiwan Dollar","TWD"
"TZ","Tanzania, United Republic of","Tanzanian Shilling","TZS"
"UA","Ukraine","Karbovanet","UAK"
"UG","Uganda","Old Shilling","UGW"
"UM","United States Minor Outlying Islands","US Dollar","USD"
"US","United States","US Dollar (Same day)","USS"
"UY","Uruguay","Uruguayan Peso","UYP"
"UZ","Uzbekistan","Russian Ruble","RUR"
"VA","Holy See (Vatican City State)","Italian Lira","ITL"
"VC","Saint Vincent and the Grenadines","East Caribbean Dollar","XCD"
"VE","Venezuela, Bolivarian Republic of","Bolivar","VEF"
"VG","Virgin Islands, British","US Dollar","USD"
"VI","Virgin Islands, U.S.","US Dollar","USD"
"VN","Viet Nam","Dong","VND"
"VU","Vanuatu","Vatu","VUV"
"WF","Wallis and Futuna","CFP Franc","XPF"
"WS","Samoa","Tala","WST"
"YE","Yemen","Yemeni Rial","YER"
"YT","Mayotte","French Franc","FRF"
"ZA","South Africa","Financial Rand","ZAL"
"ZM","Zambia","Zambian Kwacha","ZMK"
"ZW","Zimbabwe","Zimbabwe Dollar","ZWR"
